Order#,Member ID,Comment,Amount,Status,Paid at
68B4F592,CITANZ-0046,Membership extended to 14/10/2025,$60.00,Captured,"Sep 14, 2024, 4:57 PM"
39645DAC,CITANZ-0398,Membership extended to 21/09/2025,$30.00,Captured,"Sep 14, 2024, 1:03 PM"
3810A6BC,CITANZ-0537,Membership extended to 13/09/2025,$30.00,Captured,"Sep 13, 2024, 11:10 PM"
DDCF25B9,CITANZ-0536,Membership extended to 13/09/2025,$30.00,Captured,"Sep 13, 2024, 7:54 PM"
46D471DB,CITANZ-0535,Membership extended to 13/09/2025,$30.00,Captured,"Sep 13, 2024, 4:43 PM"
6D2734BC,CITANZ-0162,Membership extended to 08/10/2025,$60.00,Captured,"Sep 13, 2024, 4:14 PM"
791B7097,CITANZ-0534,Membership extended to 13/09/2025,$30.00,Captured,"Sep 13, 2024, 3:47 PM"
E4EAE12C,CITANZ-0092,Membership extended to 04/10/2025,$60.00,Captured,"Sep 13, 2024, 3:31 PM"
6DE4530C,CITANZ-0397,Membership extended to 21/09/2025,$30.00,Captured,"Sep 13, 2024, 1:22 PM"
D3650394,CITANZ-0533,Membership extended to 12/09/2025,$30.00,Captured,"Sep 12, 2024, 2:35 PM"
53113AC2,CITANZ-0532,Membership extended to 12/09/2025,$30.00,Captured,"Sep 12, 2024, 10:56 AM"
9D4822B7,CITANZ-0399,Membership extended to 21/09/2025,$30.00,Captured,"Sep 12, 2024, 10:55 AM"
61351848,CITANZ-0393,Membership extended to 20/09/2025,$60.00,Captured,"Sep 12, 2024, 9:42 AM"
FB6AADCD,CITANZ-0083,Membership extended to 03/10/2025,$60.00,Captured,"Sep 11, 2024, 11:24 AM"
3520A976,CITANZ-0015,Membership extended to 11/10/2025,$60.00,Captured,"Sep 11, 2024, 9:20 AM"
D7CEB78F,CITANZ-0161,Membership extended to 10/10/2025,$60.00,Captured,"Sep 10, 2024, 3:18 PM"
655B719E,CITANZ-0299,Membership extended to 07/10/2025,$60.00,Captured,"Sep 10, 2024, 2:42 PM"
937DC205,CITANZ-0054,Membership extended to 06/10/2025,$60.00,Captured,"Sep 10, 2024, 9:17 AM"
F26D0F25,CITANZ-0076,Membership extended to 07/10/2025,$60.00,Captured,"Sep 9, 2024, 12:14 PM"
8A9FE356,CITANZ-0260,Membership extended to 03/10/2025,$30.00,Captured,"Sep 9, 2024, 11:37 AM"
4369805D,CITANZ-0178,Membership extended to 03/10/2025,$60.00,Captured,"Sep 8, 2024, 10:17 AM"
29FEE4D5,CITANZ-0531,Membership extended to 07/09/2025,$60.00,Captured,"Sep 7, 2024, 1:40 PM"
2919EEAB,CITANZ-0108,Membership extended to 07/10/2025,$60.00,Captured,"Sep 7, 2024, 9:36 AM"
C6650A0E,CITANZ-0530,Membership extended to 06/09/2025,$30.00,Captured,"Sep 6, 2024, 9:43 PM"
4C818CAF,CITANZ-0529,Membership extended to 06/09/2025,$30.00,Captured,"Sep 6, 2024, 9:34 PM"
C8C2EA86,CITANZ-0381,Membership extended to 06/09/2025,$30.00,Captured,"Sep 6, 2024, 4:09 PM"
FDFA13FE,CITANZ-0085,Membership extended to 03/10/2025,$60.00,Captured,"Sep 6, 2024, 3:13 PM"
496E2182,CITANZ-0042,Membership extended to 03/10/2025,$60.00,Captured,"Sep 6, 2024, 12:04 AM"
791CE477,CITANZ-0528,Membership extended to 05/09/2025,$30.00,Captured,"Sep 5, 2024, 8:03 PM"
369141C4,CITANZ-0205,Membership extended to 04/10/2025,$60.00,Captured,"Sep 5, 2024, 6:34 PM"
DC2E7354,CITANZ-0199,Membership extended to 05/10/2025,$60.00,Captured,"Sep 5, 2024, 11:35 AM"
EBC24EB2,CITANZ-0114,Membership extended to 03/10/2025,$60.00,Captured,"Sep 4, 2024, 11:52 AM"
FE69D4CD,CITANZ-0143,Membership extended to 04/10/2025,$60.00,Captured,"Sep 4, 2024, 8:02 AM"
D1CAA79E,CITANZ-0213,Membership extended to 03/10/2025,$60.00,Captured,"Sep 3, 2024, 7:10 PM"
340FB8EE,CITANZ-0088,Membership extended to 03/10/2025,$60.00,Captured,"Sep 3, 2024, 10:14 AM"
3D15F72B,CITANZ-0131,Membership extended to 03/10/2025,$30.00,Captured,"Sep 3, 2024, 9:20 AM"
6755400E,CITANZ-0010,Membership extended to 03/10/2025,$60.00,Captured,"Sep 3, 2024, 8:18 AM"
91509E9C,CITANZ-0024,Membership extended to 03/10/2025,$60.00,Captured,"Sep 3, 2024, 8:07 AM"
4D76C3D7,CITANZ-0379,Membership extended to 02/09/2025,$30.00,Captured,"Sep 2, 2024, 9:44 AM"
A64D1A57,CITANZ-0394,Membership extended to 20/09/2025,$60.00,Captured,"Sep 2, 2024, 9:37 AM"
2CD9F6DE,CITANZ-0048,Membership extended to 02/09/2025,$60.00,Captured,"Sep 2, 2024, 9:05 AM"
4AD4C093,CITANZ-0388,Membership extended to 29/08/2025,$60.00,Captured,"Aug 29, 2024, 8:10 AM"
F8711F09,CITANZ-0527,Membership extended to 28/08/2025,$30.00,Captured,"Aug 28, 2024, 11:03 AM"
C7BA88DD,CITANZ-0526,Membership extended to 27/08/2025,$30.00,Captured,"Aug 27, 2024, 7:42 PM"
F4E87FB2,CITANZ-0390,Membership extended to 16/09/2025,$30.00,Captured,"Aug 27, 2024, 2:01 PM"
6ECB9E6D,CITANZ-0525,Membership extended to 27/08/2025,$60.00,Captured,"Aug 27, 2024, 9:47 AM"
F43E5722,CITANZ-0524,Membership extended to 26/08/2025,$30.00,Captured,"Aug 26, 2024, 11:19 PM"
210B19A4,CITANZ-0373,Membership extended to 26/08/2025,$60.00,Captured,"Aug 26, 2024, 11:20 AM"
89A4798C,CITANZ-0523,Membership extended to 26/08/2025,$30.00,Captured,"Aug 26, 2024, 11:11 AM"
7EB54B4D,CITANZ-0522,Membership extended to 25/08/2025,$60.00,Captured,"Aug 25, 2024, 7:01 AM"
9C91BEF9,CITANZ-0400,Membership extended to 23/09/2025,$30.00,Captured,"Aug 24, 2024, 11:13 AM"
9CCC45FC,CITANZ-0386,Membership extended to 23/08/2025,$30.00,Captured,"Aug 23, 2024, 8:08 AM"
83E7239D,CITANZ-0521,Membership extended to 21/08/2025,$60.00,Captured,"Aug 21, 2024, 2:17 PM"
7F164ACE,CITANZ-0520,Membership extended to 21/08/2025,$60.00,Captured,"Aug 21, 2024, 10:31 AM"
276CA513,CITANZ-0519,Membership extended to 20/08/2025,$30.00,Captured,"Aug 20, 2024, 8:45 PM"
7CC24FB8,CITANZ-0518,Membership extended to 20/08/2025,$30.00,Captured,"Aug 20, 2024, 8:38 PM"
05569541,CITANZ-0517,Membership extended to 20/08/2025,$30.00,Captured,"Aug 20, 2024, 7:30 PM"
92BF3E7E,CITANZ-0516,Membership extended to 18/08/2025,$30.00,Captured,"Aug 18, 2024, 9:56 PM"
2C1D03C8,CITANZ-0515,Membership extended to 18/08/2025,$60.00,Captured,"Aug 18, 2024, 11:10 AM"
E9A56E92,CITANZ-0385,Membership extended to 18/08/2026,$30.00,Captured,"Aug 18, 2024, 10:42 AM"
C8269C35,CITANZ-0385,Membership extended to 18/08/2025,$30.00,Captured,"Aug 18, 2024, 10:42 AM"
BA817726,CITANZ-0514,Membership extended to 17/08/2025,$30.00,Captured,"Aug 17, 2024, 6:39 PM"
AEDE504B,CITANZ-0513,Membership extended to 16/08/2025,$60.00,Captured,"Aug 16, 2024, 10:14 AM"
5E48BFC1,CITANZ-0512,Membership extended to 12/08/2025,$60.00,Captured,"Aug 12, 2024, 7:48 PM"
0C95976C,CITANZ-0511,Membership extended to 11/08/2025,$30.00,Captured,"Aug 11, 2024, 1:09 PM"
3F56F947,CITANZ-0510,Membership extended to 06/08/2025,$60.00,Captured,"Aug 6, 2024, 2:00 PM"
F94BD6A0,CITANZ-0509,Membership extended to 02/08/2025,$30.00,Captured,"Aug 2, 2024, 11:29 AM"
585F1B08,CITANZ-0508,Membership extended to 01/08/2025,$30.00,Captured,"Aug 1, 2024, 12:02 PM"
B4893342,CITANZ-0507,Membership extended to 31/07/2025,$30.00,Captured,"Jul 31, 2024, 6:56 PM"
ACDB68E3,CITANZ-0506,Membership extended to 30/07/2025,$30.00,Captured,"Jul 30, 2024, 10:09 AM"
A7805124,CITANZ-0505,Membership extended to 28/07/2025,$30.00,Captured,"Jul 28, 2024, 9:01 PM"
2C4A121B,CITANZ-0504,Membership extended to 23/07/2025,$30.00,Captured,"Jul 23, 2024, 2:11 PM"
A9F4AD94,CITANZ-0503,Membership extended to 22/07/2025,$30.00,Captured,"Jul 22, 2024, 4:59 PM"
E9DD3A63,CITANZ-0502,Membership extended to 22/07/2025,$30.00,Captured,"Jul 22, 2024, 4:47 PM"
EBE37FEF,CITANZ-0501,Membership extended to 22/07/2025,$60.00,Captured,"Jul 22, 2024, 2:47 PM"
B0B78AE7,CITANZ-0500,Membership extended to 22/07/2025,$30.00,Captured,"Jul 22, 2024, 1:42 PM"
31F4DB7D,CITANZ-0499,Membership extended to 21/07/2025,$30.00,Captured,"Jul 21, 2024, 5:05 PM"
F96AF778,CITANZ-0498,Membership extended to 21/07/2025,$60.00,Captured,"Jul 21, 2024, 11:00 AM"
87FEA4E2,CITANZ-0383,Membership extended to 13/08/2025,$30.00,Captured,"Jul 20, 2024, 10:03 PM"
A7BFC1F3,CITANZ-0497,Membership extended to 20/07/2025,$60.00,Captured,"Jul 20, 2024, 3:52 AM"
290D9CE3,CITANZ-0496,Membership extended to 17/07/2025,$60.00,Captured,"Jul 17, 2024, 7:20 PM"
05109DCD,CITANZ-0495,Membership extended to 17/07/2025,$30.00,Captured,"Jul 17, 2024, 3:14 PM"
56F7EEA2,CITANZ-0494,Membership extended to 16/07/2025,$30.00,Captured,"Jul 16, 2024, 11:03 PM"
89BF5140,CITANZ-0338,Membership extended to 16/07/2025,$60.00,Captured,"Jul 16, 2024, 9:56 PM"
9B4785FE,CITANZ-0493,Membership extended to 16/07/2025,$30.00,Captured,"Jul 16, 2024, 12:10 PM"
E3553C7B,CITANZ-0384,Membership extended to 15/08/2025,$30.00,Captured,"Jul 16, 2024, 9:17 AM"
D75CB770,CITANZ-0344,Membership extended to 15/07/2025,$30.00,Captured,"Jul 15, 2024, 10:06 AM"
A3DE7F55,CITANZ-0371,Membership extended to 21/07/2025,$30.00,Captured,"Jul 14, 2024, 7:30 PM"
203407AC,CITANZ-0492,Membership extended to 13/07/2025,$30.00,Captured,"Jul 13, 2024, 6:02 PM"
FEBA48E2,CITANZ-0491,Membership extended to 12/07/2025,$60.00,Captured,"Jul 12, 2024, 2:17 PM"
6528CD74,CITANZ-0490,Membership extended to 10/07/2025,$30.00,Captured,"Jul 10, 2024, 9:12 AM"
F3DF8DBF,CITANZ-0376,Membership extended to 31/07/2025,$60.00,Captured,"Jul 9, 2024, 10:49 AM"
5F2361AC,CITANZ-0489,Membership extended to 08/07/2025,$60.00,Captured,"Jul 8, 2024, 12:58 AM"
E90EE2A3,CITANZ-0488,Membership extended to 05/07/2025,$30.00,Captured,"Jul 5, 2024, 5:24 PM"
DE605954,CITANZ-0487,Membership extended to 04/07/2025,$60.00,Captured,"Jul 4, 2024, 6:35 PM"
59D610BD,CITANZ-0486,Membership extended to 01/07/2025,$30.00,Captured,"Jul 1, 2024, 9:51 PM"
51E1BA48,CITANZ-0485,Membership extended to 30/06/2025,$60.00,Captured,"Jun 30, 2024, 1:31 AM"
9E3D82FC,CITANZ-0484,Membership extended to 28/06/2025,$60.00,Captured,"Jun 28, 2024, 11:43 PM"
854198F1,CITANZ-0483,Membership extended to 28/06/2025,$30.00,Captured,"Jun 28, 2024, 9:28 PM"
4B8BF289,CITANZ-0482,Membership extended to 28/06/2025,$60.00,Captured,"Jun 28, 2024, 3:44 PM"
5ACD272E,CITANZ-0355,Membership extended to 20/06/2025,$60.00,Captured,"Jun 20, 2024, 10:12 AM"
DE0DAEC4,CITANZ-0481,Membership extended to 15/06/2025,$60.00,Captured,"Jun 15, 2024, 12:56 PM"
47AA1759,CITANZ-0292,Membership extended to 14/07/2025,$60.00,Captured,"Jun 14, 2024, 10:04 PM"
2C66C3CD,CITANZ-0480,Membership extended to 14/06/2025,$30.00,Captured,"Jun 14, 2024, 10:31 AM"
90478C94,CITANZ-0479,Membership extended to 14/06/2025,$60.00,Captured,"Jun 14, 2024, 10:29 AM"
BD7F1889,CITANZ-0164,Membership extended to 13/06/2025,$30.00,Captured,"Jun 13, 2024, 9:11 PM"
695763B0,CITANZ-0478,Membership extended to 12/06/2025,$30.00,Captured,"Jun 12, 2024, 10:09 PM"
B79F0AEF,CITANZ-0477,Membership extended to 12/06/2025,$30.00,Captured,"Jun 12, 2024, 9:52 PM"
5D8EDFFC,CITANZ-0476,Membership extended to 10/06/2025,$30.00,Captured,"Jun 10, 2024, 9:37 PM"
3161530C,CITANZ-0475,Membership extended to 07/06/2025,$30.00,Captured,"Jun 7, 2024, 4:34 PM"
B1AC96C0,CITANZ-0364,Membership extended to 07/06/2025,$60.00,Captured,"Jun 7, 2024, 2:34 PM"
DB92A898,CITANZ-0474,Membership extended to 03/06/2025,$30.00,Captured,"Jun 3, 2024, 9:08 PM"
28CD1E4E,CITANZ-0473,Membership extended to 01/06/2025,$30.00,Captured,"Jun 1, 2024, 10:12 PM"
2724D9E4,CITANZ-0472,Membership extended to 31/05/2025,$30.00,Captured,"May 31, 2024, 10:16 PM"
2594F0BD,CITANZ-0471,Membership extended to 31/05/2025,$60.00,Captured,"May 31, 2024, 4:11 PM"
A64CAD9D,CITANZ-0470,Membership extended to 30/05/2025,$30.00,Captured,"May 30, 2024, 3:50 PM"
0D728D58,CITANZ-0469,Membership extended to 29/05/2025,$60.00,Captured,"May 29, 2024, 11:48 PM"
863020B1,CITANZ-0468,Membership extended to 28/05/2025,$30.00,Captured,"May 28, 2024, 11:15 AM"
8D28751E,CITANZ-0362,Membership extended to 28/05/2025,$30.00,Captured,"May 28, 2024, 10:11 AM"
E0CB5170,CITANZ-0467,Membership extended to 25/05/2025,$60.00,Captured,"May 25, 2024, 4:26 PM"
2DD73466,CITANZ-0352,Membership extended to 23/05/2025,$60.00,Captured,"May 23, 2024, 12:30 PM"
279B1F62,CITANZ-0358,Membership extended to 23/05/2025,$60.00,Captured,"May 23, 2024, 6:48 AM"
5502687B,CITANZ-0466,Membership extended to 21/05/2025,$60.00,Captured,"May 21, 2024, 3:05 PM"
8AB9080C,CITANZ-0353,Membership extended to 21/05/2025,$30.00,Captured,"May 21, 2024, 2:02 PM"
E42A8E8D,CITANZ-0361,Membership extended to 25/05/2025,$60.00,Captured,"May 18, 2024, 9:54 AM"
2D22F624,CITANZ-0287,Membership extended to 24/05/2025,$60.00,Captured,"May 17, 2024, 5:37 PM"
2189BCAF,CITANZ-0465,Membership extended to 14/05/2025,$60.00,Captured,"May 14, 2024, 6:51 PM"
1236164E,CITANZ-0464,Membership extended to 14/05/2025,$60.00,Captured,"May 14, 2024, 1:40 PM"
B0CFF7D9,CITANZ-0359,Membership extended to 21/05/2025,$60.00,Captured,"May 14, 2024, 8:05 AM"
EB23E84F,CITANZ-0463,Membership extended to 13/05/2025,$30.00,Captured,"May 13, 2024, 8:57 PM"
7FE6B9D5,CITANZ-0462,Membership extended to 13/05/2025,$30.00,Captured,"May 13, 2024, 8:43 PM"
C3BB3D4C,CITANZ-0339,Membership extended to 10/05/2025,$60.00,Captured,"May 10, 2024, 6:38 PM"
859DE283,CITANZ-0461,Membership extended to 10/05/2025,$30.00,Captured,"May 10, 2024, 1:52 PM"
1340771A,CITANZ-0460,Membership extended to 10/05/2025,$30.00,Captured,"May 10, 2024, 12:33 PM"
1CA06A6C,CITANZ-0459,Membership extended to 10/05/2025,$30.00,Captured,"May 10, 2024, 11:15 AM"
70DC0B77,CITANZ-0458,Membership extended to 09/05/2025,$60.00,Captured,"May 9, 2024, 6:18 AM"
0FF68863,CITANZ-0288,Membership extended to 26/05/2025,$60.00,Captured,"May 2, 2024, 8:48 PM"
1C1FC451,CITANZ-0285,Membership extended to 08/05/2025,$60.00,Captured,"May 1, 2024, 9:26 AM"
40619356,CITANZ-0159,Membership extended to 28/04/2025,$60.00,Captured,"Apr 28, 2024, 2:26 PM"
48B8D2D1,CITANZ-0457,Membership extended to 25/04/2025,$60.00,Captured,"Apr 25, 2024, 7:27 PM"
9E0B5CED,CITANZ-0456,Membership extended to 22/04/2025,$30.00,Captured,"Apr 22, 2024, 12:40 PM"
BA070BC5,CITANZ-0455,Membership extended to 20/04/2025,$30.00,Captured,"Apr 20, 2024, 7:53 PM"
A422E530,CITANZ-0454,Membership extended to 19/04/2025,$60.00,Captured,"Apr 19, 2024, 10:06 PM"
3253EFB1,CITANZ-0453,Membership extended to 19/04/2025,$30.00,Captured,"Apr 19, 2024, 9:24 PM"
108CB64D,CITANZ-0452,Membership extended to 19/04/2025,$30.00,Captured,"Apr 19, 2024, 9:18 PM"
00329137,CITANZ-0451,Membership extended to 19/04/2025,$30.00,Captured,"Apr 19, 2024, 5:17 PM"
EBBE70B7,CITANZ-0450,Membership extended to 19/04/2025,$60.00,Captured,"Apr 19, 2024, 4:44 PM"
4FB21FDB,CITANZ-0449,Membership extended to 19/04/2025,$30.00,Captured,"Apr 19, 2024, 1:19 PM"
69A4A7BD,CITANZ-0448,Membership extended to 19/04/2025,$60.00,Captured,"Apr 19, 2024, 12:51 PM"
9B055CBD,CITANZ-0447,Membership extended to 18/04/2025,$60.00,Captured,"Apr 18, 2024, 8:27 PM"
D3841EA8,CITANZ-0446,,$60.00,Captured,"Apr 18, 2024, 9:16 AM"
C82D2678,CITANZ-0445,Membership extended to 17/04/2025,$30.00,Captured,"Apr 17, 2024, 9:47 PM"
52CE407E,CITANZ-0444,Membership extended to 17/04/2025,$30.00,Captured,"Apr 17, 2024, 8:13 PM"
AB1D115E,,Membership extended to 15/04/2025,$60.00,Captured,"Apr 15, 2024, 10:36 AM"
4A2AD56A,CITANZ-0442,Membership extended to 15/04/2025,$60.00,Captured,"Apr 15, 2024, 12:07 AM"
1EA2B869,CITANZ-0441,Membership extended to 14/04/2025,$30.00,Captured,"Apr 14, 2024, 11:33 PM"
70A74721,CITANZ-0440,Membership extended to 14/04/2025,$60.00,Captured,"Apr 14, 2024, 2:19 PM"
81418E5B,CITANZ-0329,Membership extended to 13/04/2025,$60.00,Captured,"Apr 13, 2024, 9:34 PM"
5532C9CB,CITANZ-0439,Membership extended to 13/04/2025,$30.00,Captured,"Apr 13, 2024, 8:41 PM"
AB3DF27D,CITANZ-0438,Membership extended to 11/04/2025,$30.00,Captured,"Apr 11, 2024, 9:25 AM"
2B7FFE68,CITANZ-0437,Membership extended to 08/04/2025,$30.00,Captured,"Apr 8, 2024, 10:54 AM"
76700306,CITANZ-0436,Membership extended to 08/04/2025,$30.00,Captured,"Apr 8, 2024, 8:39 AM"
985B0825,CITANZ-0435,Membership extended to 08/04/2025,$30.00,Captured,"Apr 8, 2024, 6:43 AM"
5926BF39,CITANZ-0434,Membership extended to 05/04/2025,$60.00,Captured,"Apr 5, 2024, 11:16 AM"
674CF85B,CITANZ-0433,Membership extended to 03/04/2025,$30.00,Captured,"Apr 3, 2024, 6:47 PM"
8D3752AC,CITANZ-0432,Membership extended to 01/04/2025,$30.00,Captured,"Apr 1, 2024, 1:51 PM"
7402FBB2,CITANZ-0431,Membership extended to 27/03/2025,$30.00,Captured,"Mar 27, 2024, 8:25 PM"
0A2F03CE,CITANZ-0430,Membership extended to 25/03/2025,$60.00,Captured,"Mar 25, 2024, 9:49 PM"
2B5A92A7,CITANZ-0429,Membership extended to 21/03/2025,$30.00,Captured,"Mar 21, 2024, 9:35 AM"
3FB00641,CITANZ-0428,Membership extended to 14/03/2025,$60.00,Captured,"Mar 14, 2024, 5:41 PM"
E2DBF28C,CITANZ-0334,Membership extended to 11/03/2025,$30.00,Captured,"Mar 11, 2024, 11:15 AM"
86A2384D,CITANZ-0345,Membership extended to 17/03/2025,$30.00,Captured,"Mar 10, 2024, 9:53 AM"
4A8A6EDE,CITANZ-0277,Membership extended to 11/03/2025,$30.00,Captured,"Mar 6, 2024, 11:22 PM"
AE00AB4D,CITANZ-0427,Membership extended to 06/03/2025,$60.00,Captured,"Mar 6, 2024, 3:59 PM"
98C63568,CITANZ-0341,Membership extended to 14/03/2025,$60.00,Captured,"Mar 5, 2024, 5:08 PM"
E1420AA5,CITANZ-0426,Membership extended to 04/03/2025,$30.00,Captured,"Mar 4, 2024, 9:04 PM"
E1E95A8E,CITANZ-0425,Membership extended to 26/02/2025,$30.00,Captured,"Feb 27, 2024, 10:57 AM"
49A638FF,CITANZ-0330,Membership extended to 28/02/2025,$30.00,Captured,"Feb 26, 2024, 8:22 PM"
4FACE60D,CITANZ-0424,Membership extended to 23/02/2025,$30.00,Captured,"Feb 24, 2024, 5:54 PM"
3186A126,CITANZ-0423,Membership extended to 23/02/2025,$30.00,Captured,"Feb 24, 2024, 5:03 PM"
2484F59B,CITANZ-0328,Membership extended to 22/02/2025,$60.00,Captured,"Feb 23, 2024, 4:42 PM"
C2C75623,CITANZ-0422,Membership extended to 22/02/2025,$30.00,Captured,"Feb 23, 2024, 1:38 PM"
CA289BE7,CITANZ-0331,Membership extended to 03/03/2025,$30.00,Captured,"Feb 22, 2024, 9:35 PM"
E40586AB,CITANZ-0421,Membership extended to 19/02/2025,$30.00,Captured,"Feb 20, 2024, 6:15 PM"
87686427,CITANZ-0311,Membership extended to 15/02/2025,$60.00,Captured,"Feb 16, 2024, 10:31 PM"
C5D439D6,CITANZ-0420,Membership extended to 13/02/2025,$60.00,Captured,"Feb 14, 2024, 2:35 PM"
95EF5923,CITANZ-0337,Membership extended to 10/03/2025,$30.00,Captured,"Feb 10, 2024, 10:27 AM"
C111E45B,CITANZ-0419,Membership extended to 07/02/2025,$30.00,Captured,"Feb 8, 2024, 12:48 PM"
0BBD577A,CITANZ-0418,Membership extended to 01/02/2025,$30.00,Captured,"Feb 2, 2024, 10:15 AM"
2963BA27,CITANZ-0417,Membership extended to 27/01/2025,$30.00,Captured,"Jan 28, 2024, 10:15 PM"
ECDFEB0B,CITANZ-0416,Membership extended to 26/01/2025,$30.00,Captured,"Jan 27, 2024, 8:40 PM"
13B9ADF0,CITANZ-0166,Membership extended to 26/01/2025,$60.00,Captured,"Jan 27, 2024, 8:11 PM"
F256C9E7,CITANZ-0318,Membership extended to 26/01/2025,$60.00,Captured,"Jan 27, 2024, 6:38 PM"
7BD8D40B,CITANZ-0415,Membership extended to 26/01/2025,$60.00,Captured,"Jan 27, 2024, 12:32 PM"
A8D38B63,CITANZ-0320,Membership extended to 21/01/2025,$60.00,Captured,"Jan 22, 2024, 4:37 PM"
8BF168E9,CITANZ-0414,Membership extended to 01/01/2025,$30.00,Captured,"Jan 2, 2024, 9:27 PM"
5579A6E5,CITANZ-0323,Membership extended to 20/12/2024,$60.00,Captured,"Dec 14, 2023, 8:52 AM"
BCEF927B,CITANZ-0413,Membership extended to 12/12/2024,$60.00,Captured,"Dec 13, 2023, 9:20 PM"
58D99AC2,CITANZ-0412,Membership extended to 12/12/2024,$30.00,Captured,"Dec 13, 2023, 3:10 PM"
33375C25,CITANZ-0135,Membership extended to 11/12/2024,$60.00,Captured,"Dec 12, 2023, 3:22 PM"
DC015772,CITANZ-0173,Membership extended to 08/12/2024,$60.00,Captured,"Dec 9, 2023, 2:43 PM"
4BAA6AB3,CITANZ-0411,Membership extended to 05/12/2024,$30.00,Captured,"Dec 6, 2023, 8:59 AM"
DEAD8667,CITANZ-0317,Membership extended to 30/11/2024,$60.00,Captured,"Dec 1, 2023, 12:11 PM"
E9FF48DF,CITANZ-0315,Membership extended to 29/11/2024,$30.00,Captured,"Nov 27, 2023, 10:33 AM"
D6D38743,CITANZ-0410,Membership extended to 22/11/2024,$30.00,Captured,"Nov 23, 2023, 10:32 PM"
93933BBD,CITANZ-0409,Membership extended to 22/11/2024,$60.00,Captured,"Nov 23, 2023, 12:28 PM"
1D38594A,CITANZ-0276,Membership extended to 16/12/2024,$60.00,Captured,"Nov 20, 2023, 2:54 PM"
D33C864E,CITANZ-0298,Membership extended to 16/11/2024,$30.00,Captured,"Nov 17, 2023, 10:15 AM"
D5A9E51F,CITANZ-0408,Membership extended to 15/11/2024,$30.00,Captured,"Nov 16, 2023, 12:05 PM"
52EBB5D1,CITANZ-0243,Membership extended to 12/11/2024,$60.00,Captured,"Nov 13, 2023, 1:52 PM"
D948E13A,CITANZ-0011,Membership extended to 12/11/2024,$60.00,Captured,"Nov 13, 2023, 12:04 PM"
4A702B2F,CITANZ-0023,Membership extended to 12/11/2024,$60.00,Captured,"Nov 13, 2023, 10:29 AM"
52A0C01F,CITANZ-0171,Membership extended to 08/11/2024,$60.00,Captured,"Nov 9, 2023, 11:00 AM"
DDCC4E96,CITANZ-0207,Membership extended to 07/12/2024,$60.00,Captured,"Nov 8, 2023, 8:55 AM"
E4B9C7E2,CITANZ-0125,Membership extended to 06/12/2024,$60.00,Captured,"Nov 7, 2023, 10:22 AM"
6A0B1E75,CITANZ-0058,Membership extended to 05/11/2024,$60.00,Captured,"Nov 6, 2023, 10:12 PM"
A3881C40,CITANZ-0102,Membership extended to 02/11/2024,$60.00,Captured,"Nov 3, 2023, 2:53 PM"
DF7A57A5,CITANZ-0227,Membership extended to 02/11/2024,$60.00,Captured,"Nov 3, 2023, 1:06 PM"
0B1DD983,CITANZ-0271,Membership extended to 10/11/2024,$60.00,Captured,"Nov 3, 2023, 12:13 PM"
189D6AE4,CITANZ-0056,Membership extended to 02/11/2024,$60.00,Captured,"Nov 3, 2023, 12:10 PM"
38CA943C,CITANZ-0270,Membership extended to 02/11/2024,$60.00,Captured,"Nov 3, 2023, 6:58 AM"
C1F9CC26,CITANZ-0030,Membership extended to 31/10/2024,$60.00,Captured,"Nov 1, 2023, 11:02 AM"
07FDFAB6,CITANZ-0316,Membership extended to 30/11/2024,$30.00,Captured,"Nov 1, 2023, 9:58 AM"
DADED887,CITANZ-0274,Membership extended to 28/11/2024,$60.00,Captured,"Oct 31, 2023, 12:29 PM"
7D2B1097,CITANZ-0101,Membership extended to 29/10/2024,$60.00,Captured,"Oct 30, 2023, 8:33 PM"
260FDD5C,CITANZ-0312,Membership extended to 23/11/2024,$30.00,Captured,"Oct 30, 2023, 10:57 AM"
3F773744,CITANZ-0407,Membership extended to 29/10/2024,$30.00,Captured,"Oct 30, 2023, 9:49 AM"
FC123BDC,CITANZ-0406,Membership extended to 26/10/2024,$30.00,Captured,"Oct 27, 2023, 10:53 PM"
730FD4DB,CITANZ-0405,Membership extended to 25/10/2024,$60.00,Captured,"Oct 26, 2023, 10:48 PM"
5F6BA8D5,CITANZ-0254,Membership extended to 23/10/2024,$60.00,Captured,"Oct 24, 2023, 9:07 PM"
F288AF3C,CITANZ-0404,Membership extended to 21/10/2024,$30.00,Captured,"Oct 22, 2023, 10:19 PM"
F5727E95,CITANZ-0074,Membership extended to 20/10/2024,$60.00,Captured,"Oct 20, 2023, 7:32 AM"
7A8C88D6,CITANZ-0009,Membership extended to 17/10/2024,$60.00,Captured,"Oct 18, 2023, 10:32 PM"
3A710F2C,CITANZ-0038,Membership extended to 15/10/2024,$60.00,Captured,"Oct 16, 2023, 1:11 PM"
E1EDFFF9,CITANZ-0089,Membership extended to 15/10/2024,$30.00,Captured,"Oct 16, 2023, 10:16 AM"
74D63D58,CITANZ-0018,Membership extended to 13/10/2024,$60.00,Captured,"Oct 14, 2023, 9:43 AM"
4E16EE57,CITANZ-0041,Membership extended to 13/10/2024,$60.00,Captured,"Oct 12, 2023, 9:27 PM"
CA3E278C,CITANZ-0031,Membership extended to 24/10/2024,$60.00,Captured,"Oct 12, 2023, 9:26 PM"
7BEBC541,CITANZ-0240,Membership extended to 09/10/2024,$60.00,Captured,"Oct 10, 2023, 10:21 PM"
F55CFFF0,CITANZ-0403,Membership extended to 07/10/2024,$60.00,Captured,"Oct 8, 2023, 9:31 AM"
1B876A72,CITANZ-0265,Membership extended to 13/10/2024,$60.00,Captured,"Oct 7, 2023, 8:01 AM"
9B35B864,CITANZ-0209,Membership extended to 05/10/2024,$60.00,Captured,"Oct 6, 2023, 9:39 AM"
E1C522D7,CITANZ-0120,Membership extended to 03/11/2024,$60.00,Captured,"Oct 6, 2023, 8:48 AM"
30CC2D5D,CITANZ-0055,Membership extended to 03/10/2024,$60.00,Captured,"Oct 4, 2023, 9:31 AM"
DBF2BF11,CITANZ-0245,Membership extended to 05/10/2024,$60.00,Captured,"Oct 3, 2023, 1:17 PM"
2D77F3ED,CITANZ-0157,Membership extended to 03/10/2024,$60.00,Captured,"Oct 1, 2023, 8:39 PM"
C831D369,CITANZ-0036,Membership extended to 30/10/2024,$60.00,Captured,"Oct 1, 2023, 12:09 PM"
EFF4050B,CITANZ-0001,Membership extended to 02/10/2024,$60.00,Captured,"Sep 30, 2023, 10:47 PM"
A7E2A33D,CITANZ-0087,Membership extended to 05/10/2024,$60.00,Captured,"Sep 30, 2023, 12:50 PM"
CD0F74C4,CITANZ-0083,Membership extended to 03/10/2024,$60.00,Captured,"Sep 29, 2023, 8:33 PM"
1DA35E3E,CITANZ-0130,Membership extended to 28/10/2024,$60.00,Captured,"Sep 29, 2023, 8:16 AM"
D59DD8E1,CITANZ-0402,Membership extended to 27/09/2024,$60.00,Captured,"Sep 28, 2023, 10:39 PM"
BB0C08C3,CITANZ-0035,Membership extended to 03/10/2024,$60.00,Captured,"Sep 28, 2023, 10:32 PM"
D454EF7E,CITANZ-0138,Membership extended to 03/10/2024,$60.00,Captured,"Sep 28, 2023, 2:41 PM"
933C455B,CITANZ-0401,Membership extended to 27/09/2024,$60.00,Captured,"Sep 28, 2023, 9:19 AM"
960643D2,CITANZ-0203,Membership extended to 04/10/2024,$60.00,Captured,"Sep 28, 2023, 8:35 AM"
33B58935,CITANZ-0143,Membership extended to 04/10/2024,$60.00,Captured,"Sep 28, 2023, 8:16 AM"
F65C5C4F,CITANZ-0118,Membership extended to 03/10/2024,$60.00,Captured,"Sep 27, 2023, 10:54 AM"
48417D14,CITANZ-0047,Membership extended to 03/10/2024,$60.00,Captured,"Sep 26, 2023, 11:03 AM"
5FA4CADF,CITANZ-0188,Membership extended to 24/10/2024,$60.00,Captured,"Sep 25, 2023, 9:07 AM"
ED05142C,CITANZ-0400,Membership extended to 23/09/2024,$30.00,Captured,"Sep 24, 2023, 10:08 PM"
93207974,CITANZ-0006,Membership extended to 15/10/2024,$60.00,Captured,"Sep 23, 2023, 12:46 PM"
FC736145,CITANZ-0052,Membership extended to 03/10/2024,$60.00,Captured,"Sep 22, 2023, 9:55 PM"
EF76B32A,CITANZ-0008,Membership extended to 04/10/2024,$60.00,Captured,"Sep 22, 2023, 9:00 PM"
A20C6218,CITANZ-0026,Membership extended to 03/10/2024,$60.00,Captured,"Sep 22, 2023, 8:51 PM"
24D79B42,CITANZ-0111,Membership extended to 08/10/2024,$60.00,Captured,"Sep 22, 2023, 8:02 PM"
0A561D25,CITANZ-0092,Membership extended to 04/10/2024,$60.00,Captured,"Sep 22, 2023, 7:55 PM"
1C34BB16,CITANZ-0399,Membership extended to 21/09/2024,$30.00,Captured,"Sep 22, 2023, 7:40 PM"
7F380736,CITANZ-0398,Membership extended to 21/09/2024,$30.00,Captured,"Sep 22, 2023, 7:04 PM"
1C2E81B5,CITANZ-0397,Membership extended to 21/09/2024,$30.00,Captured,"Sep 22, 2023, 6:57 PM"
1AC94937,CITANZ-0086,Membership extended to 02/10/2024,$60.00,Captured,"Sep 22, 2023, 1:22 PM"
6AE0BCEA,CITANZ-0396,Membership extended to 21/09/2024,$60.00,Captured,"Sep 22, 2023, 9:50 AM"
1C04D54B,CITANZ-0395,Membership extended to 20/09/2024,$60.00,Captured,"Sep 21, 2023, 11:19 PM"
0CCE6478,CITANZ-0394,Membership extended to 20/09/2024,$60.00,Captured,"Sep 21, 2023, 11:02 PM"
8B76E9D9,CITANZ-0393,Membership extended to 20/09/2024,$60.00,Captured,"Sep 21, 2023, 10:46 PM"
4C40DD9F,CITANZ-0233,Membership extended to 03/10/2024,$60.00,Captured,"Sep 21, 2023, 3:04 PM"
0CC76ED1,CITANZ-0392,Membership extended to 20/09/2024,$60.00,Captured,"Sep 21, 2023, 11:59 AM"
E8485BA3,CITANZ-0268,Membership extended to 16/10/2024,$60.00,Captured,"Sep 21, 2023, 12:29 AM"
81D728EE,CITANZ-0148,Membership extended to 29/09/2024,$60.00,Captured,"Sep 20, 2023, 8:22 PM"
8AA3C275,CITANZ-0147,Membership extended to 03/10/2024,$60.00,Captured,"Sep 19, 2023, 8:13 PM"
21579C78,CITANZ-0013,Membership extended to 03/10/2024,$60.00,Captured,"Sep 19, 2023, 5:22 PM"
E33DEA1F,CITANZ-0391,Membership extended to 17/09/2024,$30.00,Captured,"Sep 18, 2023, 9:00 AM"
9D9D73E8,CITANZ-0025,Membership extended to 03/10/2024,$30.00,Captured,"Sep 17, 2023, 2:18 PM"
8C01DBAF,CITANZ-0176,Membership extended to 12/10/2024,$60.00,Captured,"Sep 17, 2023, 10:33 AM"
9A361D1E,CITANZ-0046,Membership extended to 14/10/2024,$60.00,Captured,"Sep 17, 2023, 10:26 AM"
F6B15AF8,CITANZ-0390,Membership extended to 16/09/2024,$30.00,Captured,"Sep 17, 2023, 10:00 AM"
1FD561F6,CITANZ-0012,Membership extended to 08/10/2024,$60.00,Captured,"Sep 17, 2023, 9:34 AM"
3A83A45D,CITANZ-0014,Membership extended to 13/10/2024,$60.00,Captured,"Sep 14, 2023, 7:31 PM"
8C04591D,CITANZ-0004,Membership extended to 03/10/2024,$60.00,Captured,"Sep 14, 2023, 3:51 PM"
E5DBD8C3,CITANZ-0066,Membership extended to 03/10/2024,$60.00,Captured,"Sep 13, 2023, 7:12 PM"
29B97CC9,CITANZ-0389,Membership extended to 12/09/2024,$30.00,Captured,"Sep 13, 2023, 7:08 PM"
FF132454,CITANZ-0213,Membership extended to 03/10/2024,$60.00,Captured,"Sep 12, 2023, 6:20 PM"
C3F6F45C,CITANZ-0162,Membership extended to 08/10/2024,$60.00,Captured,"Sep 12, 2023, 12:12 PM"
0AAE20D2,CITANZ-0015,Membership extended to 11/10/2024,$60.00,Captured,"Sep 12, 2023, 9:30 AM"
AC3F9D29,CITANZ-0054,Membership extended to 06/10/2024,$60.00,Captured,"Sep 11, 2023, 6:21 PM"
43190B36,CITANZ-0042,Membership extended to 03/10/2024,$60.00,Captured,"Sep 11, 2023, 4:47 PM"
1E541EB2,CITANZ-0002,Membership extended to 03/10/2024,$60.00,Captured,"Sep 11, 2023, 11:44 AM"
82224F43,CITANZ-0161,Membership extended to 10/10/2024,$60.00,Captured,"Sep 11, 2023, 9:50 AM"
DB523B17,CITANZ-0076,Membership extended to 07/10/2024,$60.00,Captured,"Sep 8, 2023, 10:29 PM"
DD8E74E5,CITANZ-0299,Membership extended to 07/10/2024,$60.00,Captured,"Sep 8, 2023, 9:11 AM"
B56D3393,CITANZ-0108,Membership extended to 07/10/2024,$60.00,Captured,"Sep 8, 2023, 9:03 AM"
00FFC61A,CITANZ-0205,Membership extended to 04/10/2024,$60.00,Captured,"Sep 7, 2023, 8:15 PM"
02398B6E,CITANZ-0222,Membership extended to 04/10/2024,$60.00,Captured,"Sep 7, 2023, 12:22 PM"
9D315CC1,CITANZ-0146,Membership extended to 03/10/2024,$60.00,Captured,"Sep 6, 2023, 11:33 PM"
E7A2C5C0,CITANZ-0114,Membership extended to 03/10/2024,$60.00,Captured,"Sep 6, 2023, 10:44 PM"
3FDA34EF,CITANZ-0178,Membership extended to 03/10/2024,$60.00,Captured,"Sep 6, 2023, 11:38 AM"
D0D84228,CITANZ-0199,Membership extended to 05/10/2024,$60.00,Captured,"Sep 6, 2023, 11:15 AM"
B943CFAC,CITANZ-0158,Membership extended to 04/10/2024,$60.00,Captured,"Sep 5, 2023, 10:07 PM"
D2BDDA8F,CITANZ-0109,Membership extended to 03/10/2024,$60.00,Captured,"Sep 5, 2023, 8:58 PM"
AAB69150,CITANZ-0121,Membership extended to 04/10/2024,$60.00,Captured,"Sep 5, 2023, 5:01 PM"
CDC2AA25,CITANZ-0200,Membership extended to 03/10/2024,$60.00,Captured,"Sep 5, 2023, 9:31 AM"
C6C0FEBB,CITANZ-0131,Membership extended to 03/10/2024,$30.00,Captured,"Sep 5, 2023, 8:29 AM"
B85D52A7,CITANZ-0088,Membership extended to 03/10/2024,$60.00,Captured,"Sep 5, 2023, 8:27 AM"
E56CB472,CITANZ-0260,Membership extended to 03/10/2024,$60.00,Captured,"Sep 4, 2023, 10:13 PM"
ADFBFB1A,CITANZ-0085,Membership extended to 03/10/2024,$48.00,Captured,"Sep 4, 2023, 10:18 AM"
E8BA5E9D,CITANZ-0024,Membership extended to 03/10/2024,$48.00,Captured,"Sep 4, 2023, 9:54 AM"
FC482EDC,CITANZ-0010,Membership extended to 03/10/2024,$48.00,Captured,"Sep 4, 2023, 8:06 AM"
29A8E67C,CITANZ-0007,Membership extended to 01/10/2024,$30.00,Captured,"Sep 2, 2023, 9:03 AM"
694A4ECC,CITANZ-0297,Membership extended to 30/09/2024,$30.00,Captured,"Sep 1, 2023, 9:08 AM"
1C8977A8,CITANZ-0388,Membership extended to 29/08/2024,$60.00,Captured,"Aug 30, 2023, 10:29 PM"
2706CFAD,CITANZ-0387,Membership extended to 29/08/2024,$60.00,Captured,"Aug 30, 2023, 6:06 PM"
C38EE93B,CITANZ-0386,Membership extended to 23/08/2024,$30.00,Captured,"Aug 24, 2023, 11:01 AM"
E0539C89,CITANZ-0385,Membership extended to 18/08/2024,$30.00,Captured,"Aug 19, 2023, 12:23 PM"
A208D2B7,CITANZ-0384,Membership extended to 15/08/2024,$30.00,Captured,"Aug 16, 2023, 4:21 PM"
68FB57D5,CITANZ-0383,Membership extended to 13/08/2024,$30.00,Captured,"Aug 14, 2023, 4:25 PM"
60A5E1A6,CITANZ-0382,Membership extended to 08/08/2024,$60.00,Captured,"Aug 9, 2023, 5:11 PM"
5BB5A877,CITANZ-0381,Membership extended to 05/08/2024,$30.00,Captured,"Aug 6, 2023, 10:52 AM"
769F9173,CITANZ-0380,Membership extended to 04/08/2024,$60.00,Captured,"Aug 5, 2023, 11:19 PM"
9BD21A3C,CITANZ-0379,Membership extended to 03/08/2024,$30.00,Captured,"Aug 4, 2023, 8:52 PM"
E0D7EA2E,CITANZ-0048,Membership extended to 03/08/2024,$60.00,Captured,"Aug 4, 2023, 6:49 PM"
E3F4B0C5,CITANZ-0378,Membership extended to 03/08/2024,$30.00,Captured,"Aug 4, 2023, 3:35 PM"
0ADC0A1C,CITANZ-0377,Membership extended to 01/08/2024,$60.00,Captured,"Aug 2, 2023, 11:08 PM"
4692CB9A,CITANZ-0376,Membership extended to 31/07/2024,$60.00,Captured,"Aug 1, 2023, 7:13 PM"
F7A34BD6,CITANZ-0375,Membership extended to 30/07/2024,$30.00,Captured,"Jul 31, 2023, 5:51 PM"
790A5C3D,CITANZ-0374,Membership extended to 26/07/2024,$30.00,Captured,"Jul 27, 2023, 8:47 PM"
91C84B12,CITANZ-0373,Membership extended to 26/07/2024,$60.00,Captured,"Jul 27, 2023, 5:25 PM"
4C184477,CITANZ-0372,Membership extended to 26/07/2024,$60.00,Captured,"Jul 27, 2023, 3:51 AM"
3FE59350,CITANZ-0371,Membership extended to 21/07/2024,$30.00,Captured,"Jul 22, 2023, 9:44 PM"
A8259659,CITANZ-0292,Membership extended to 14/07/2024,$48.00,Captured,"Jul 8, 2023, 12:19 PM"
6C6A4025,CITANZ-0305,Membership extended to 05/07/2024,$30.00,Captured,"Jul 6, 2023, 8:52 PM"
AC326679,CITANZ-0370,Membership extended to 30/06/2024,$30.00,Captured,"Jul 1, 2023, 2:49 PM"
61D32D38,CITANZ-0369,Membership extended to 29/06/2024,$30.00,Captured,"Jun 30, 2023, 1:40 PM"
4EE1E25F,CITANZ-0368,Membership extended to 28/06/2024,$30.00,Captured,"Jun 29, 2023, 10:17 PM"
AA44610F,CITANZ-0367,Membership extended to 21/06/2024,$30.00,Captured,"Jun 22, 2023, 8:50 PM"
8EF4E016,CITANZ-0366,Membership extended to 21/06/2024,$30.00,Captured,"Jun 22, 2023, 7:16 PM"
91C1B220,CITANZ-0365,Membership extended to 08/06/2024,$30.00,Captured,"Jun 9, 2023, 8:55 PM"
3261F5FD,CITANZ-0364,Membership extended to 06/06/2024,$60.00,Captured,"Jun 7, 2023, 4:01 PM"
0F088EDB,CITANZ-0363,Membership extended to 30/05/2024,$60.00,Captured,"May 31, 2023, 3:32 PM"
AFEDC922,CITANZ-0362,Membership extended to 28/05/2024,$60.00,Captured,"May 29, 2023, 9:30 PM"
DDBB561A,CITANZ-0361,Membership extended to 25/05/2024,$60.00,Captured,"May 26, 2023, 7:42 PM"
0486BC09,CITANZ-0360,Membership extended to 23/05/2024,$30.00,Captured,"May 24, 2023, 7:30 PM"
23407877,CITANZ-0126,Membership extended to 22/05/2024,$60.00,Captured,"May 23, 2023, 9:38 PM"
8F9B39EA,CITANZ-0359,Membership extended to 21/05/2024,$60.00,Captured,"May 22, 2023, 12:43 AM"
752D951B,CITANZ-0287,Membership extended to 24/05/2024,$48.00,Captured,"May 19, 2023, 11:12 AM"
C581CC00,CITANZ-0358,Membership extended to 17/05/2024,$60.00,Captured,"May 18, 2023, 8:51 AM"
4E0BE0EA,CITANZ-0357,Membership extended to 16/05/2024,$60.00,Captured,"May 17, 2023, 1:55 AM"
2123EF5F,CITANZ-0356,Membership extended to 14/05/2024,$30.00,Captured,"May 15, 2023, 8:16 PM"
433552AB,CITANZ-0288,Membership extended to 26/05/2024,$48.00,Captured,"May 13, 2023, 5:57 PM"
83F1FFB8,CITANZ-0355,Membership extended to 05/05/2024,$60.00,Captured,"May 6, 2023, 5:29 PM"
F1769324,CITANZ-0285,Membership extended to 08/05/2024,$48.00,Captured,"May 2, 2023, 8:02 AM"
27F98212,CITANZ-0354,Membership extended to 29/04/2024,$30.00,Captured,"Apr 30, 2023, 9:16 PM"
E445DC48,CITANZ-0353,Membership extended to 24/04/2024,$30.00,Captured,"Apr 25, 2023, 9:38 PM"
06156F63,CITANZ-0352,Membership extended to 23/04/2024,$60.00,Captured,"Apr 24, 2023, 1:30 AM"
DBC0A55B,CITANZ-0351,Membership extended to 20/04/2024,$30.00,Captured,"Apr 21, 2023, 12:33 AM"
04B13BAC,CITANZ-0284,Membership extended to 05/05/2024,$48.00,Captured,"Apr 8, 2023, 7:05 AM"
34C694B2,CITANZ-0350,Membership extended to 31/03/2024,$30.00,Captured,"Apr 1, 2023, 12:10 PM"
43CA5B22,CITANZ-0134,Membership extended to 31/03/2024,$60.00,Captured,"Apr 1, 2023, 12:00 PM"
498A15A7,CITANZ-0159,Membership extended to 29/03/2024,$60.00,Captured,"Mar 30, 2023, 9:41 PM"
83139347,CITANZ-0349,Membership extended to 26/03/2024,$30.00,Captured,"Mar 27, 2023, 9:54 PM"
7CE591F4,CITANZ-0348,Membership extended to 22/03/2024,$60.00,Captured,"Mar 23, 2023, 10:24 PM"
EF5941E7,CITANZ-0347,Membership extended to 20/03/2024,$60.00,Captured,"Mar 21, 2023, 10:02 PM"
E5E9DEEB,CITANZ-0346,Membership extended to 18/03/2024,$30.00,Captured,"Mar 19, 2023, 11:14 AM"
05F7DBBA,CITANZ-0345,Membership extended to 17/03/2024,$30.00,Captured,"Mar 18, 2023, 9:12 PM"
972BC365,CITANZ-0344,Membership extended to 16/03/2024,$30.00,Captured,"Mar 17, 2023, 5:18 PM"
AE689048,CITANZ-0343,Membership extended to 16/03/2024,$60.00,Captured,"Mar 17, 2023, 9:19 AM"
74EF5B24,CITANZ-0342,Membership extended to 14/03/2024,$60.00,Captured,"Mar 15, 2023, 9:01 PM"
FE339DC3,CITANZ-0341,Membership extended to 14/03/2024,$60.00,Captured,"Mar 15, 2023, 10:19 AM"
CC72AB66,CITANZ-0340,Membership extended to 13/03/2024,$30.00,Captured,"Mar 14, 2023, 10:37 PM"
AD980AB9,CITANZ-0339,Membership extended to 13/03/2024,$60.00,Captured,"Mar 14, 2023, 11:53 AM"
96731420,CITANZ-0338,Membership extended to 12/03/2024,$30.00,Captured,"Mar 13, 2023, 12:12 PM"
3E20AC3A,CITANZ-0337,Membership extended to 10/03/2024,$30.00,Captured,"Mar 11, 2023, 2:34 PM"
0E4C2895,CITANZ-0336,Membership extended to 07/03/2024,$30.00,Captured,"Mar 8, 2023, 2:33 PM"
546A5F9B,CITANZ-0335,Membership extended to 06/03/2024,$30.00,Captured,"Mar 7, 2023, 6:21 PM"
6AFB6EE9,CITANZ-0334,Membership extended to 04/03/2024,$30.00,Captured,"Mar 5, 2023, 9:35 PM"
A96377AA,CITANZ-0333,Membership extended to 03/03/2024,$60.00,Captured,"Mar 4, 2023, 10:22 PM"
AA1BAC6F,CITANZ-0332,Membership extended to 03/03/2024,$60.00,Captured,"Mar 4, 2023, 9:57 PM"
38CD5E0D,CITANZ-0331,Membership extended to 03/03/2024,$30.00,Captured,"Mar 4, 2023, 6:22 PM"
E2C647C4,CITANZ-0330,Membership extended to 29/02/2024,$30.00,Captured,"Mar 1, 2023, 4:05 PM"
4AD47A22,CITANZ-0329,Membership extended to 25/02/2024,$60.00,Captured,"Feb 25, 2023, 6:18 PM"
1BAAA0FF,CITANZ-0328,Membership extended to 23/02/2024,$60.00,Captured,"Feb 23, 2023, 5:35 PM"
3A84F2CC,CITANZ-0277,Membership extended to 11/03/2024,$48.00,Captured,"Feb 10, 2023, 11:40 AM"
E8CF37D5,CITANZ-0327,Membership extended to 26/01/2024,$60.00,Captured,"Jan 26, 2023, 8:47 PM"
385C0D22,CITANZ-0326,Membership extended to 18/01/2024,$60.00,Captured,"Jan 18, 2023, 1:53 PM"
547D033A,CITANZ-0325,Membership extended to 04/01/2024,$30.00,Captured,"Jan 4, 2023, 11:46 AM"
3A888876,CITANZ-0324,Membership extended to 22/12/2023,$30.00,Captured,"Dec 22, 2022, 4:16 PM"
DD74E72C,CITANZ-0323,Membership extended to 21/12/2023,$60.00,Captured,"Dec 21, 2022, 10:38 AM"
9C7AF220,CITANZ-0322,Membership extended to 20/12/2023,$30.00,Captured,"Dec 20, 2022, 9:39 PM"
D6D59D9C,CITANZ-0135,Membership extended to 12/12/2023,$48.00,Captured,"Dec 8, 2022, 12:51 AM"
33DACDE6,CITANZ-0321,Membership extended to 07/12/2023,$30.00,Captured,"Dec 7, 2022, 1:48 PM"
6217F0DC,CITANZ-0320,Membership extended to 05/12/2023,$60.00,Captured,"Dec 5, 2022, 9:04 PM"
3B4F10C3,CITANZ-0319,Membership extended to 04/12/2023,$60.00,Captured,"Dec 4, 2022, 8:21 PM"
B9AE4F84,CITANZ-0318,Membership extended to 03/12/2023,$60.00,Captured,"Dec 3, 2022, 3:39 PM"
F359901D,CITANZ-0317,Membership extended to 01/12/2023,$30.00,Captured,"Dec 1, 2022, 7:46 PM"
11F80D17,CITANZ-0316,Membership extended to 01/12/2023,$30.00,Captured,"Dec 1, 2022, 7:10 PM"
1CB18831,CITANZ-0207,Membership extended to 08/12/2023,$48.00,Captured,"Dec 1, 2022, 5:03 PM"
18CF6BAA,CITANZ-0315,Membership extended to 30/11/2023,$30.00,Captured,"Nov 30, 2022, 9:18 AM"
F7117039,CITANZ-0314,Membership extended to 27/11/2023,$30.00,Captured,"Nov 27, 2022, 8:11 PM"
E99FCF5E,CITANZ-0313,Membership extended to 26/11/2023,$60.00,Captured,"Nov 26, 2022, 12:04 AM"
5D4E5FB7,CITANZ-0312,Membership extended to 24/11/2023,$30.00,Captured,"Nov 24, 2022, 9:28 PM"
D5EA5E0E,CITANZ-0311,Membership extended to 24/11/2023,$30.00,Captured,"Nov 24, 2022, 2:49 PM"
73C87A30,CITANZ-0310,Membership extended to 24/11/2023,$30.00,Captured,"Nov 24, 2022, 1:38 PM"
86B2E46B,CITANZ-0309,Membership extended to 18/11/2023,$60.00,Captured,"Nov 18, 2022, 12:25 AM"
6C43927F,CITANZ-0308,Membership extended to 17/11/2023,$60.00,Captured,"Nov 17, 2022, 2:48 PM"
AB32F3C0,CITANZ-0276,Membership extended to 17/12/2023,$48.00,Captured,"Nov 17, 2022, 9:10 AM"
0E1DFD9A,CITANZ-0271,Membership extended to 11/11/2023,$48.00,Captured,"Nov 11, 2022, 3:11 PM"
5EDC2F02,CITANZ-0166,Membership extended to 07/12/2023,$48.00,Captured,"Nov 10, 2022, 1:04 PM"
BD2C8D81,CITANZ-0212,Membership extended to 09/11/2023,$60.00,Captured,"Nov 9, 2022, 1:12 PM"
892F8604,CITANZ-0129,Membership extended to 08/11/2023,$60.00,Captured,"Nov 8, 2022, 11:23 AM"
FFD79501,CITANZ-0125,Membership extended to 07/12/2023,$48.00,Captured,"Nov 7, 2022, 12:30 PM"
DD4F2860,CITANZ-0307,Membership extended to 06/11/2023,$60.00,Captured,"Nov 6, 2022, 4:53 PM"
45230627,CITANZ-0173,Membership extended to 04/11/2023,$48.00,Captured,"Nov 4, 2022, 10:29 PM"
9EB2A4A1,CITANZ-0306,Membership extended to 04/11/2023,$60.00,Captured,"Nov 4, 2022, 8:39 PM"
1D2503A2,CITANZ-0030,Membership extended to 01/11/2023,$48.00,Captured,"Nov 1, 2022, 8:55 AM"
FBF8C3F8,CITANZ-0304,Membership extended to 30/10/2023,$60.00,Captured,"Oct 30, 2022, 10:40 PM"
31794F8A,CITANZ-0274,Membership extended to 29/11/2023,$48.00,Captured,"Oct 30, 2022, 2:49 PM"
F57D4DC2,CITANZ-0215,Membership extended to 30/10/2023,$48.00,Captured,"Oct 26, 2022, 7:51 PM"
43D449AC,CITANZ-0124,Membership extended to 29/10/2023,$48.00,Captured,"Oct 26, 2022, 2:11 PM"
FC93D35D,CITANZ-0303,Membership extended to 20/10/2023,$30.00,Captured,"Oct 20, 2022, 11:10 PM"
4DB6F7B9,CITANZ-0302,Membership extended to 20/10/2023,$30.00,Captured,"Oct 20, 2022, 7:50 PM"
1C4A1938,CITANZ-0301,Membership extended to 19/10/2023,$60.00,Captured,"Oct 19, 2022, 9:35 PM"
944BBE26,CITANZ-0095,Membership extended to 16/10/2023,$48.00,Captured,"Oct 16, 2022, 4:47 PM"
D83ADA08,CITANZ-0130,Membership extended to 29/10/2023,$48.00,Captured,"Oct 16, 2022, 1:00 AM"
2F09D667,CITANZ-0194,Membership extended to 15/10/2023,$48.00,Captured,"Oct 15, 2022, 9:52 PM"
35D11623,CITANZ-0228,Membership extended to 14/10/2023,$48.00,Captured,"Oct 14, 2022, 12:06 PM"
53D22BA8,CITANZ-0270,,$48.00,Captured,"Oct 13, 2022, 8:20 PM"
B0172589,CITANZ-0300,Membership extended to 12/10/2023,$60.00,Captured,"Oct 12, 2022, 9:06 PM"
3295D918,CITANZ-0262,Membership extended to 14/10/2023,$48.00,Captured,"Oct 12, 2022, 5:41 PM"
D89C310A,CITANZ-0272,Membership extended to 09/11/2023,$48.00,Captured,"Oct 11, 2022, 10:19 AM"
219FBDB3,CITANZ-0273,Membership extended to 09/11/2023,$48.00,Captured,"Oct 10, 2022, 9:25 AM"
7DEDEB73,CITANZ-0120,Membership extended to 04/11/2023,$48.00,Captured,"Oct 9, 2022, 5:09 PM"
4B2794DF,CITANZ-0299,Membership extended to 08/10/2023,$60.00,Captured,"Oct 8, 2022, 3:55 PM"
7B29273B,CITANZ-0072,Membership extended to 25/10/2023,$48.00,Captured,"Oct 8, 2022, 10:42 AM"
3E6C78EB,CITANZ-0097,Membership extended to 14/10/2023,$48.00,Captured,"Oct 7, 2022, 9:03 AM"
FCFA97B5,CITANZ-0209,Membership extended to 06/10/2023,$48.00,Captured,"Oct 6, 2022, 8:59 PM"
15C7B220,CITANZ-0298,Membership extended to 06/10/2023,$30.00,Captured,"Oct 6, 2022, 3:06 PM"
E56359E7,CITANZ-0075,Membership extended to 13/10/2023,$48.00,Captured,"Oct 6, 2022, 8:24 AM"
819F98D4,CITANZ-0245,Membership extended to 06/10/2023,$48.00,Captured,"Oct 6, 2022, 7:49 AM"
7AE5E555,CITANZ-0036,Membership extended to 31/10/2023,$48.00,Captured,"Oct 5, 2022, 9:03 PM"
92D70F65,CITANZ-0061,Membership extended to 12/10/2023,$48.00,Captured,"Oct 5, 2022, 1:12 PM"
D6449F67,CITANZ-0268,Membership extended to 17/10/2023,$48.00,Captured,"Oct 4, 2022, 9:58 PM"
D8071278,CITANZ-0101,Membership extended to 28/10/2023,$48.00,Captured,"Oct 4, 2022, 9:09 PM"
8D7E3F31,CITANZ-0028,Membership extended to 19/10/2023,$48.00,Captured,"Oct 4, 2022, 8:59 PM"
758E9FE3,CITANZ-0011,Membership extended to 13/10/2023,$48.00,Captured,"Oct 4, 2022, 8:27 PM"
87F90A46,CITANZ-0031,Membership extended to 25/10/2023,$48.00,Captured,"Oct 4, 2022, 8:19 PM"
306B098C,CITANZ-0041,Membership extended to 14/10/2023,$48.00,Captured,"Oct 4, 2022, 8:14 PM"
E2B7689F,CITANZ-0188,Membership extended to 25/10/2023,$30.00,Captured,"Oct 4, 2022, 6:20 PM"
AAD57075,CITANZ-0200,Membership extended to 04/10/2023,$48.00,Captured,"Oct 4, 2022, 5:00 PM"
01BD004D,CITANZ-0022,Membership extended to 04/10/2023,$48.00,Captured,"Oct 4, 2022, 11:07 AM"
679D4F90,CITANZ-0021,Membership extended to 11/10/2023,$48.00,Captured,"Oct 4, 2022, 11:00 AM"
DE333E05,CITANZ-0233,Membership extended to 04/10/2023,$30.00,Captured,"Oct 4, 2022, 8:58 AM"
B1724DC4,CITANZ-0138,Membership extended to 04/10/2023,$48.00,Captured,"Oct 4, 2022, 8:25 AM"
87D575C1,CITANZ-0044,Membership extended to 04/10/2023,$48.00,Captured,"Oct 4, 2022, 8:22 AM"
9421860C,CITANZ-0076,Membership extended to 08/10/2023,$30.00,Captured,"Oct 3, 2022, 8:41 AM"
25D6EB66,CITANZ-0006,Membership extended to 16/10/2023,$48.00,Captured,"Oct 2, 2022, 8:52 PM"
0C131035,CITANZ-0162,Membership extended to 09/10/2023,$48.00,Captured,"Oct 2, 2022, 8:02 PM"
3D1B999E,CITANZ-0297,Membership extended to 01/10/2023,$30.00,Captured,"Oct 1, 2022, 11:14 PM"
B2D11F16,CITANZ-0074,Membership extended to 21/10/2023,$48.00,Captured,"Sep 30, 2022, 11:44 AM"
B211B357,CITANZ-0296,Membership extended to 29/09/2023,$60.00,Captured,"Sep 29, 2022, 7:18 PM"
68F6476B,CITANZ-0004,Membership extended to 04/10/2023,$48.00,Captured,"Sep 28, 2022, 11:06 AM"
C7831E3B,CITANZ-0087,Membership extended to 06/10/2023,$48.00,Captured,"Sep 27, 2022, 3:40 PM"
5922D903,CITANZ-0035,Membership extended to 04/10/2023,$48.00,Captured,"Sep 27, 2022, 10:19 AM"
EAA169CE,CITANZ-0118,Membership extended to 04/10/2023,$48.00,Captured,"Sep 27, 2022, 8:28 AM"
A0E1E127,CITANZ-0023,Membership extended to 06/10/2023,$48.00,Captured,"Sep 26, 2022, 3:29 PM"
8AA55538,CITANZ-0176,Membership extended to 13/10/2023,$48.00,Captured,"Sep 25, 2022, 9:52 PM"
D67A7D9E,CITANZ-0240,Membership extended to 10/10/2023,$48.00,Captured,"Sep 23, 2022, 1:38 PM"
991E42BA,CITANZ-0161,Membership extended to 11/10/2023,$48.00,Captured,"Sep 23, 2022, 1:38 PM"
D857DE2B,CITANZ-0017,Membership extended to 05/10/2023,$48.00,Captured,"Sep 22, 2022, 8:35 PM"
8DD50F4F,CITANZ-0199,Membership extended to 06/10/2023,$48.00,Captured,"Sep 21, 2022, 8:12 AM"
C6B29880,CITANZ-0263,Membership extended to 14/10/2023,$48.00,Captured,"Sep 20, 2022, 9:54 AM"
3BE36654,CITANZ-0009,Membership extended to 11/10/2023,$48.00,Captured,"Sep 19, 2022, 8:57 AM"
2B80B8BF,CITANZ-0055,Membership extended to 04/10/2023,$48.00,Captured,"Sep 18, 2022, 6:04 PM"
52DC4931,CITANZ-0232,Membership extended to 04/10/2023,$48.00,Captured,"Sep 18, 2022, 5:45 PM"
FCD26077,CITANZ-0295,Membership extended to 17/09/2023,$60.00,Captured,"Sep 17, 2022, 12:11 AM"
8F4F39D8,CITANZ-0158,Membership extended to 05/10/2023,$48.00,Captured,"Sep 16, 2022, 4:31 PM"
C3C43986,CITANZ-0002,Membership extended to 04/10/2023,$48.00,Captured,"Sep 16, 2022, 4:10 PM"
1A6F4A7A,CITANZ-0089,Membership extended to 13/10/2023,$30.00,Captured,"Sep 15, 2022, 11:58 PM"
4E1FD9AB,CITANZ-0205,Membership extended to 05/10/2023,$30.00,Captured,"Sep 15, 2022, 6:09 PM"
8F0DA876,CITANZ-0046,Membership extended to 15/10/2023,$48.00,Captured,"Sep 15, 2022, 9:19 AM"
D375B227,CITANZ-0018,Membership extended to 14/10/2023,$48.00,Captured,"Sep 14, 2022, 2:29 PM"
79986B48,CITANZ-0014,Membership extended to 14/10/2023,$48.00,Captured,"Sep 14, 2022, 9:53 AM"
08400A0F,CITANZ-0243,Membership extended to 14/10/2023,$48.00,Captured,"Sep 14, 2022, 9:46 AM"
B7F74834,CITANZ-0265,Membership extended to 14/10/2023,$48.00,Captured,"Sep 14, 2022, 8:15 AM"
F4D96CCA,CITANZ-0012,Membership extended to 09/10/2023,$48.00,Captured,"Sep 13, 2022, 2:03 PM"
339BAC98,CITANZ-0024,Membership extended to 04/10/2023,$48.00,Captured,"Sep 12, 2022, 11:06 PM"
62B1DE27,CITANZ-0054,Membership extended to 07/10/2023,$48.00,Captured,"Sep 12, 2022, 3:41 PM"
9F6EC134,CITANZ-0015,Membership extended to 12/10/2023,$48.00,Captured,"Sep 12, 2022, 10:58 AM"
5BCE1EAB,CITANZ-0171,Membership extended to 06/10/2023,$48.00,Captured,"Sep 12, 2022, 8:35 AM"
12147F8D,CITANZ-0090,Membership extended to 05/10/2023,$48.00,Captured,"Sep 11, 2022, 10:45 PM"
CC5F5264,CITANZ-0111,Membership extended to 09/10/2023,$48.00,Captured,"Sep 9, 2022, 8:29 PM"
799222C7,CITANZ-0294,Membership extended to 08/09/2023,$60.00,Captured,"Sep 8, 2022, 10:13 PM"
BEB996F9,CITANZ-0102,Membership extended to 04/10/2023,$48.00,Captured,"Sep 8, 2022, 10:09 AM"
0750853E,CITANZ-0108,Membership extended to 08/10/2023,$48.00,Captured,"Sep 8, 2022, 9:02 AM"
128AAF10,CITANZ-0042,Membership extended to 04/10/2023,$48.00,Captured,"Sep 8, 2022, 12:57 AM"
0CCA53AC,CITANZ-0143,Membership extended to 05/10/2023,$48.00,Captured,"Sep 7, 2022, 5:26 PM"
0BF38BA5,CITANZ-0056,Membership extended to 04/10/2023,$48.00,Captured,"Sep 7, 2022, 3:33 PM"
A2B5CAA8,CITANZ-0121,Membership extended to 05/10/2023,$48.00,Captured,"Sep 7, 2022, 12:29 PM"
A86B1A88,CITANZ-0254,Membership extended to 04/10/2023,$48.00,Captured,"Sep 7, 2022, 11:02 AM"
F69ADF83,CITANZ-0052,Membership extended to 04/10/2023,$48.00,Captured,"Sep 6, 2022, 9:03 PM"
D0FCB195,CITANZ-0010,Membership extended to 04/10/2023,$48.00,Captured,"Sep 6, 2022, 2:35 PM"
513B155A,CITANZ-0114,Membership extended to 04/10/2023,$48.00,Captured,"Sep 5, 2022, 8:17 PM"
9F4CE29A,CITANZ-0013,Membership extended to 04/10/2023,$48.00,Captured,"Sep 5, 2022, 2:07 PM"
D2E434C4,CITANZ-0109,Membership extended to 04/10/2023,$48.00,Captured,"Sep 5, 2022, 11:26 AM"
2D57ABC8,CITANZ-0222,Membership extended to 05/10/2023,$48.00,Captured,"Sep 5, 2022, 11:25 AM"
981A7F6F,CITANZ-0008,Membership extended to 05/10/2023,$48.00,Captured,"Sep 5, 2022, 11:17 AM"
D1479294,CITANZ-0092,Membership extended to 05/10/2023,$48.00,Captured,"Sep 5, 2022, 9:48 AM"
BCCAC4AD,CITANZ-0058,Membership extended to 05/10/2023,$48.00,Captured,"Sep 5, 2022, 9:47 AM"
48AC2CE8,CITANZ-0203,Membership extended to 05/10/2023,$30.00,Captured,"Sep 5, 2022, 8:12 AM"
B84682EF,CITANZ-0047,Membership extended to 04/10/2023,$48.00,Captured,"Sep 5, 2022, 7:13 AM"
C4C31450,CITANZ-0147,Membership extended to 04/10/2023,$48.00,Captured,"Sep 4, 2022, 9:57 PM"
784354BB,CITANZ-0157,Membership extended to 04/10/2023,$48.00,Captured,"Sep 4, 2022, 9:32 PM"
27FE1C12,CITANZ-0131,Membership extended to 04/10/2023,$48.00,Captured,"Sep 4, 2022, 9:09 PM"
97B009D0,CITANZ-0083,Membership extended to 04/10/2023,$48.00,Captured,"Sep 4, 2022, 8:59 PM"
5CFE0A7F,CITANZ-0085,Membership extended to 04/10/2023,$48.00,Captured,"Sep 4, 2022, 8:56 PM"
14F6E069,CITANZ-0066,Membership extended to 04/10/2023,$48.00,Captured,"Sep 4, 2022, 8:25 PM"
4A53A056,CITANZ-0026,Membership extended to 04/10/2023,$48.00,Captured,"Sep 4, 2022, 8:23 PM"
D2A1D302,CITANZ-0038,Membership extended to 04/10/2023,$48.00,Captured,"Sep 4, 2022, 8:06 PM"
66BD990F,CITANZ-0088,Membership extended to 04/10/2023,$48.00,Captured,"Sep 4, 2022, 5:37 PM"
A87360B0,CITANZ-0146,Membership extended to 04/10/2023,$48.00,Captured,"Sep 4, 2022, 4:17 PM"
5D37BCC1,CITANZ-0213,Membership extended to 04/10/2023,$48.00,Captured,"Sep 4, 2022, 4:04 PM"
C28575AD,CITANZ-0178,Membership extended to 04/10/2023,$48.00,Captured,"Sep 4, 2022, 3:36 PM"
B0D3D32A,CITANZ-0227,Membership extended to 04/10/2023,$48.00,Captured,"Sep 4, 2022, 3:30 PM"
B4DE05CE,CITANZ-0025,Membership extended to 04/10/2023,$48.00,Captured,"Sep 4, 2022, 3:30 PM"
6EE976A4,CITANZ-0260,Membership extended to 04/10/2023,$48.00,Captured,"Sep 4, 2022, 3:23 PM"
6F13E13D,CITANZ-0086,Membership extended to 03/10/2023,$48.00,Captured,"Sep 4, 2022, 12:32 PM"
ACE0542B,CITANZ-0001,Membership extended to 03/10/2023,$48.00,Captured,"Sep 4, 2022, 10:44 AM"
295025FD,CITANZ-0148,Membership extended to 30/09/2023,$48.00,Captured,"Sep 4, 2022, 12:02 AM"
519EC6AC,CITANZ-0007,Membership extended to 02/10/2023,$30.00,Captured,"Sep 3, 2022, 4:49 PM"
07A96982,CITANZ-0293,Membership extended to 28/07/2023,$30.00,Captured,"Jul 28, 2022, 9:19 PM"
8D7CE813,CITANZ-0292,Membership extended to 15/07/2023,$60.00,Captured,"Jul 15, 2022, 10:24 AM"
8238FFDB,CITANZ-0291,Membership extended to 23/06/2023,$60.00,Captured,"Jun 23, 2022, 8:03 PM"
0D7B373B,CITANZ-0290,Membership extended to 23/06/2023,$60.00,Captured,"Jun 23, 2022, 7:55 PM"
0C37769E,CITANZ-0289,Membership extended to 28/05/2023,$60.00,Captured,"May 28, 2022, 11:00 PM"
0B5CD296,CITANZ-0288,Membership extended to 27/05/2023,$60.00,Captured,"May 27, 2022, 7:18 PM"
7812925E,CITANZ-0287,Membership extended to 25/05/2023,$60.00,Captured,"May 25, 2022, 4:01 PM"
D3FE602D,CITANZ-0286,Membership extended to 18/05/2023,$60.00,Captured,"May 18, 2022, 7:18 PM"
D1C9D7E8,CITANZ-0285,Membership extended to 09/05/2023,$60.00,Captured,"May 9, 2022, 9:24 PM"
7476F199,CITANZ-0284,Membership extended to 06/05/2023,$60.00,Captured,"May 6, 2022, 3:52 PM"
A09CC2F2,CITANZ-0278,Membership extended to 14/03/2023,$60.00,Captured,"Mar 14, 2022, 9:34 AM"
0BFF793C,CITANZ-0277,Membership extended to 12/03/2023,$60.00,Captured,"Mar 12, 2022, 7:25 PM"
F508E66A,CITANZ-0276,Membership extended to 17/12/2022,$60.00,Captured,"Dec 17, 2021, 2:17 PM"
07ADBAE6,CITANZ-0135,Membership extended to 12/12/2022,$60.00,Captured,"Dec 12, 2021, 11:21 PM"
DF0AD5A6,CITANZ-0207,Membership extended to 08/12/2022,$60.00,Captured,"Dec 8, 2021, 11:50 AM"
CA60A410,CITANZ-0125,Membership extended to 07/12/2022,$60.00,Captured,"Dec 7, 2021, 1:29 PM"
4332A202,CITANZ-0166,Membership extended to 07/12/2022,$60.00,Captured,"Dec 7, 2021, 1:10 PM"
A4E910A7,CITANZ-0275,Membership extended to 01/12/2022,$60.00,Captured,"Dec 1, 2021, 11:24 PM"
9828C6BF,CITANZ-0274,Membership extended to 29/11/2022,$60.00,Captured,"Nov 29, 2021, 9:48 AM"
57E7D377,CITANZ-0273,Membership extended to 09/11/2022,$60.00,Captured,"Nov 9, 2021, 7:22 PM"
70B7CB92,CITANZ-0272,Membership extended to 09/11/2022,$60.00,Captured,"Nov 9, 2021, 10:51 AM"
AC2ED8DB,CITANZ-0120,Membership extended to 04/11/2022,$60.00,Captured,"Nov 4, 2021, 8:05 AM"
DA88E0AE,CITANZ-0271,Membership extended to 03/11/2022,$60.00,Captured,"Nov 3, 2021, 12:44 PM"
E33238F6,CITANZ-0030,Membership extended to 01/11/2022,$48.00,Captured,"Nov 1, 2021, 10:34 AM"
973DD000,CITANZ-0036,Membership extended to 31/10/2022,$48.00,Captured,"Oct 31, 2021, 4:50 PM"
5C80DD90,CITANZ-0270,Membership extended to 31/10/2022,$30.00,Captured,"Oct 31, 2021, 4:36 PM"
997E5DC1,CITANZ-0215,Membership extended to 30/10/2022,$48.00,Captured,"Oct 30, 2021, 5:14 PM"
C80B2D53,CITANZ-0034,Membership extended to 30/10/2022,$60.00,Captured,"Oct 30, 2021, 2:56 PM"
73B7B736,CITANZ-0159,Membership extended to 30/10/2022,$48.00,Captured,"Oct 30, 2021, 12:54 PM"
F8CBC2CA,CITANZ-0179,Membership extended to 30/10/2022,$48.00,Captured,"Oct 30, 2021, 1:51 AM"
1CD2F142,CITANZ-0124,Membership extended to 29/10/2022,$48.00,Captured,"Oct 29, 2021, 12:20 PM"
985C0222,CITANZ-0130,Membership extended to 29/10/2022,$48.00,Captured,"Oct 29, 2021, 8:13 AM"
3628752B,CITANZ-0101,Membership extended to 28/10/2022,$48.00,Captured,"Oct 28, 2021, 11:48 AM"
0F68C543,CITANZ-0164,Membership extended to 27/10/2022,$48.00,Captured,"Oct 27, 2021, 5:50 PM"
6917E40A,CITANZ-0173,Membership extended to 26/10/2022,$48.00,Captured,"Oct 26, 2021, 12:48 PM"
6C16FDF9,CITANZ-0040,Membership extended to 25/10/2022,$48.00,Captured,"Oct 25, 2021, 6:41 PM"
0CF14395,CITANZ-0072,Membership extended to 25/10/2022,$48.00,Captured,"Oct 25, 2021, 6:14 PM"
4CF722A9,CITANZ-0019,Membership extended to 25/10/2022,$48.00,Captured,"Oct 25, 2021, 5:52 PM"
4BE72ED6,CITANZ-0188,Membership extended to 25/10/2022,$30.00,Captured,"Oct 25, 2021, 5:16 PM"
845893C7,CITANZ-0031,Membership extended to 25/10/2022,$48.00,Captured,"Oct 25, 2021, 10:57 AM"
7619E230,CITANZ-0074,Membership extended to 21/10/2022,$48.00,Captured,"Oct 21, 2021, 10:12 PM"
FD748047,CITANZ-0256,Membership extended to 20/10/2022,$48.00,Captured,"Oct 20, 2021, 9:56 AM"
F3F29607,CITANZ-0269,Membership extended to 19/10/2022,$60.00,Captured,"Oct 19, 2021, 4:33 PM"
1F23E9BB,CITANZ-0174,Membership extended to 19/10/2022,$48.00,Captured,"Oct 19, 2021, 10:55 AM"
00D86424,CITANZ-0028,Membership extended to 19/10/2022,$48.00,Captured,"Oct 19, 2021, 10:23 AM"
79AADDF1,CITANZ-0268,Membership extended to 17/10/2022,$60.00,Captured,"Oct 17, 2021, 6:49 PM"
B138155C,CITANZ-0006,Membership extended to 16/10/2022,$48.00,Captured,"Oct 16, 2021, 10:18 PM"
665B64E2,CITANZ-0194,Membership extended to 15/10/2022,$48.00,Captured,"Oct 15, 2021, 11:42 AM"
5C7FA188,CITANZ-0046,Membership extended to 15/10/2022,$48.00,Captured,"Oct 15, 2021, 9:20 AM"
2E957D46,CITANZ-0267,Membership extended to 14/10/2022,$60.00,Captured,"Oct 14, 2021, 11:10 PM"
67440824,CITANZ-0266,Membership extended to 14/10/2022,$60.00,Captured,"Oct 14, 2021, 10:23 PM"
C4AFE8ED,CITANZ-0041,Membership extended to 14/10/2022,$48.00,Captured,"Oct 14, 2021, 9:17 PM"
ED37D929,CITANZ-0265,Membership extended to 14/10/2022,$60.00,Captured,"Oct 14, 2021, 8:31 PM"
FF3E8991,CITANZ-0264,Membership extended to 14/10/2022,$60.00,Captured,"Oct 14, 2021, 5:01 PM"
88F9934A,CITANZ-0018,Membership extended to 14/10/2022,$48.00,Captured,"Oct 14, 2021, 2:05 PM"
90805928,CITANZ-0263,Membership extended to 14/10/2022,$60.00,Captured,"Oct 14, 2021, 12:44 PM"
B07FABBE,CITANZ-0262,Membership extended to 14/10/2022,$60.00,Captured,"Oct 14, 2021, 12:26 PM"
495126AD,CITANZ-0261,Membership extended to 14/10/2022,$60.00,Captured,"Oct 14, 2021, 11:26 AM"
78D06358,CITANZ-0243,Membership extended to 14/10/2022,$48.00,Captured,"Oct 14, 2021, 10:27 AM"
5A9657D2,CITANZ-0014,Membership extended to 14/10/2022,$48.00,Captured,"Oct 14, 2021, 9:02 AM"
2FA45253,CITANZ-0097,Membership extended to 14/10/2022,$48.00,Captured,"Oct 14, 2021, 8:56 AM"
98D5507B,CITANZ-0176,Membership extended to 13/10/2022,$48.00,Captured,"Oct 13, 2021, 9:23 PM"
D9FF2A62,CITANZ-0075,Membership extended to 13/10/2022,$48.00,Captured,"Oct 13, 2021, 7:15 PM"
4CE6E9E2,CITANZ-0089,Membership extended to 13/10/2022,$30.00,Captured,"Oct 13, 2021, 2:47 PM"
773A6DA3,CITANZ-0011,Membership extended to 13/10/2022,$48.00,Captured,"Oct 13, 2021, 12:44 PM"
712C278D,CITANZ-0061,Membership extended to 12/10/2022,$48.00,Captured,"Oct 12, 2021, 2:01 PM"
63B5BCFF,CITANZ-0049,Membership extended to 12/10/2022,$48.00,Captured,"Oct 12, 2021, 12:45 PM"
F338CFD0,CITANZ-0015,Membership extended to 12/10/2022,$48.00,Captured,"Oct 12, 2021, 9:19 AM"
63BA845E,CITANZ-0009,Membership extended to 11/10/2022,$48.00,Captured,"Oct 11, 2021, 10:16 PM"
D65A1CD0,CITANZ-0161,Membership extended to 11/10/2022,$48.00,Captured,"Oct 11, 2021, 8:48 PM"
D1128B18,CITANZ-0021,Membership extended to 11/10/2022,$48.00,Captured,"Oct 11, 2021, 2:23 PM"
1670DF93,CITANZ-0127,Membership extended to 10/10/2022,$48.00,Captured,"Oct 10, 2021, 1:48 PM"
565F30B3,CITANZ-0240,Membership extended to 10/10/2022,$48.00,Captured,"Oct 10, 2021, 11:54 AM"
91EE65A5,CITANZ-0145,Membership extended to 10/10/2022,$48.00,Captured,"Oct 10, 2021, 11:15 AM"
23520F82,CITANZ-0162,Membership extended to 09/10/2022,$48.00,Captured,"Oct 9, 2021, 11:50 PM"
EB5AE800,CITANZ-0111,Membership extended to 09/10/2022,$48.00,Captured,"Oct 9, 2021, 9:33 PM"
4088EE53,CITANZ-0228,Membership extended to 09/10/2022,$48.00,Captured,"Oct 9, 2021, 8:15 PM"
0DDCEEA8,CITANZ-0231,Membership extended to 09/10/2022,$48.00,Captured,"Oct 9, 2021, 11:47 AM"
EAF32CB6,CITANZ-0212,Membership extended to 09/10/2022,$30.00,Captured,"Oct 9, 2021, 11:42 AM"
9E6B1E8A,CITANZ-0012,Membership extended to 09/10/2022,$48.00,Captured,"Oct 9, 2021, 10:34 AM"
C0B24C28,CITANZ-0076,Membership extended to 08/10/2022,$48.00,Captured,"Oct 8, 2021, 4:53 PM"
736E6D82,CITANZ-0140,Membership extended to 08/10/2022,$48.00,Captured,"Oct 8, 2021, 2:52 PM"
91AB8889,CITANZ-0108,Membership extended to 08/10/2022,$48.00,Captured,"Oct 8, 2021, 9:10 AM"
5E761E25,CITANZ-0095,Membership extended to 07/10/2022,$48.00,Captured,"Oct 7, 2021, 4:34 PM"
D62E8C4E,CITANZ-0054,Membership extended to 07/10/2022,$48.00,Captured,"Oct 7, 2021, 9:11 AM"
7978E7F7,CITANZ-0023,Membership extended to 06/10/2022,$48.00,Captured,"Oct 6, 2021, 8:26 PM"
C8DB0F85,CITANZ-0171,Membership extended to 06/10/2022,$48.00,Captured,"Oct 6, 2021, 6:10 PM"
073F2BB9,CITANZ-0250,Membership extended to 06/10/2022,$48.00,Captured,"Oct 6, 2021, 4:20 PM"
2C7A9986,CITANZ-0199,Membership extended to 06/10/2022,$48.00,Captured,"Oct 6, 2021, 4:17 PM"
E809C01A,CITANZ-0210,Membership extended to 06/10/2022,$30.00,Captured,"Oct 6, 2021, 1:53 PM"
2C42731E,CITANZ-0245,Membership extended to 06/10/2022,$48.00,Captured,"Oct 6, 2021, 1:37 PM"
F3324E36,CITANZ-0077,Membership extended to 06/10/2022,$48.00,Captured,"Oct 6, 2021, 10:38 AM"
FC61DD5E,CITANZ-0087,Membership extended to 06/10/2022,$48.00,Captured,"Oct 6, 2021, 12:38 AM"
3E7F92CD,CITANZ-0008,Membership extended to 05/10/2022,$48.00,Captured,"Oct 5, 2021, 9:47 PM"
4010E402,CITANZ-0222,Membership extended to 05/10/2022,$48.00,Captured,"Oct 5, 2021, 9:32 PM"
68D12C37,CITANZ-0017,Membership extended to 05/10/2022,$48.00,Captured,"Oct 5, 2021, 6:33 PM"
C5D47A1B,CITANZ-0209,Membership extended to 05/10/2022,$48.00,Captured,"Oct 5, 2021, 6:13 PM"
39B7F570,CITANZ-0090,Membership extended to 05/10/2022,$48.00,Captured,"Oct 5, 2021, 5:44 PM"
95F4F5B5,CITANZ-0205,Membership extended to 05/10/2022,$30.00,Captured,"Oct 5, 2021, 5:16 PM"
302EC1E6,CITANZ-0121,Membership extended to 05/10/2022,$48.00,Captured,"Oct 5, 2021, 4:45 PM"
E1F1755A,CITANZ-0248,Membership extended to 05/10/2022,$48.00,Captured,"Oct 5, 2021, 4:40 PM"
054AC7C4,CITANZ-0143,Membership extended to 05/10/2022,$48.00,Captured,"Oct 5, 2021, 3:50 PM"
FD2C680F,CITANZ-0203,Membership extended to 05/10/2022,$30.00,Captured,"Oct 5, 2021, 2:51 PM"
33FFF29E,CITANZ-0158,Membership extended to 05/10/2022,$48.00,Captured,"Oct 5, 2021, 12:37 PM"
95EE525B,CITANZ-0092,Membership extended to 05/10/2022,$48.00,Captured,"Oct 5, 2021, 12:36 PM"
CE4DC9F2,CITANZ-0058,Membership extended to 05/10/2022,$48.00,Captured,"Oct 5, 2021, 10:01 AM"
B114CF24,CITANZ-0147,Membership extended to 04/10/2022,$48.00,Captured,"Oct 4, 2021, 10:39 PM"
3D447431,CITANZ-0004,Membership extended to 04/10/2022,$48.00,Captured,"Oct 4, 2021, 7:50 PM"
B7DB41AB,CITANZ-0052,Membership extended to 04/10/2022,$48.00,Captured,"Oct 4, 2021, 7:44 PM"
B4E91F9C,CITANZ-0260,Membership extended to 04/10/2022,$48.00,Captured,"Oct 4, 2021, 7:43 PM"
BD1FB87D,CITANZ-0100,Membership extended to 04/10/2022,$48.00,Captured,"Oct 4, 2021, 7:34 PM"
708C9406,CITANZ-0056,Membership extended to 04/10/2022,$48.00,Captured,"Oct 4, 2021, 6:26 PM"
21FAC7E8,CITANZ-0146,Membership extended to 04/10/2022,$48.00,Captured,"Oct 4, 2021, 5:55 PM"
92210C0B,CITANZ-0157,Membership extended to 04/10/2022,$48.00,Captured,"Oct 4, 2021, 5:37 PM"
317578BB,CITANZ-0233,Membership extended to 04/10/2022,$30.00,Captured,"Oct 4, 2021, 5:14 PM"
366C21ED,CITANZ-0118,Membership extended to 04/10/2022,$48.00,Captured,"Oct 4, 2021, 4:54 PM"
A1AB36D2,CITANZ-0010,Membership extended to 04/10/2022,$48.00,Captured,"Oct 4, 2021, 4:39 PM"
72BEF542,CITANZ-0139,Membership extended to 04/10/2022,$48.00,Captured,"Oct 4, 2021, 3:53 PM"
8D71BD01,CITANZ-0170,Membership extended to 04/10/2022,$48.00,Captured,"Oct 4, 2021, 3:26 PM"
6D3B00C0,CITANZ-0044,Membership extended to 04/10/2022,$48.00,Captured,"Oct 4, 2021, 3:21 PM"
26D85111,CITANZ-0062,Membership extended to 04/10/2022,$48.00,Captured,"Oct 4, 2021, 1:33 PM"
594A76D6,CITANZ-0042,Membership extended to 04/10/2022,$48.00,Captured,"Oct 4, 2021, 1:30 PM"
5B95347B,CITANZ-0055,Membership extended to 04/10/2022,$48.00,Captured,"Oct 4, 2021, 1:17 PM"
6216D929,CITANZ-0200,Membership extended to 04/10/2022,$48.00,Captured,"Oct 4, 2021, 1:11 PM"
C6105907,CITANZ-0106,Membership extended to 04/10/2022,$48.00,Captured,"Oct 4, 2021, 1:07 PM"
D8A5A7FD,CITANZ-0035,Membership extended to 04/10/2022,$48.00,Captured,"Oct 4, 2021, 12:26 PM"
3836239E,CITANZ-0022,Membership extended to 04/10/2022,$48.00,Captured,"Oct 4, 2021, 11:52 AM"
748BE2BB,CITANZ-0085,Membership extended to 04/10/2022,$48.00,Captured,"Oct 4, 2021, 11:36 AM"
87878A78,CITANZ-0202,Membership extended to 04/10/2022,$48.00,Captured,"Oct 4, 2021, 11:26 AM"
DD41EDF1,CITANZ-0027,Membership extended to 04/10/2022,$48.00,Captured,"Oct 4, 2021, 11:19 AM"
E31301EF,CITANZ-0083,Membership extended to 04/10/2022,$48.00,Captured,"Oct 4, 2021, 10:44 AM"
0B6EFF73,CITANZ-0013,Membership extended to 04/10/2022,$48.00,Captured,"Oct 4, 2021, 10:35 AM"
E6B94B8A,CITANZ-0254,Membership extended to 04/10/2022,$48.00,Captured,"Oct 4, 2021, 10:31 AM"
F4E9AB96,CITANZ-0114,Membership extended to 04/10/2022,$48.00,Captured,"Oct 4, 2021, 10:30 AM"
A056DCDE,CITANZ-0138,Membership extended to 04/10/2022,$48.00,Captured,"Oct 4, 2021, 10:24 AM"
8B907924,CITANZ-0038,Membership extended to 04/10/2022,$48.00,Captured,"Oct 4, 2021, 10:22 AM"
6448EB4A,CITANZ-0227,Membership extended to 04/10/2022,$48.00,Captured,"Oct 4, 2021, 10:22 AM"
F4687979,CITANZ-0067,Membership extended to 04/10/2022,$48.00,Captured,"Oct 4, 2021, 10:17 AM"
6210D339,CITANZ-0025,Membership extended to 04/10/2022,$48.00,Captured,"Oct 4, 2021, 10:16 AM"
841F6FA5,CITANZ-0213,Membership extended to 04/10/2022,$48.00,Captured,"Oct 4, 2021, 9:55 AM"
843F3332,CITANZ-0109,Membership extended to 04/10/2022,$48.00,Captured,"Oct 4, 2021, 9:45 AM"
4726643C,CITANZ-0102,Membership extended to 04/10/2022,$48.00,Captured,"Oct 4, 2021, 9:41 AM"
8C421164,CITANZ-0232,Membership extended to 04/10/2022,$48.00,Captured,"Oct 4, 2021, 9:40 AM"
CA46A838,CITANZ-0047,Membership extended to 04/10/2022,$48.00,Captured,"Oct 4, 2021, 9:22 AM"
0600C8F2,CITANZ-0026,Membership extended to 04/10/2022,$48.00,Captured,"Oct 4, 2021, 8:55 AM"
5DD221AC,CITANZ-0066,Membership extended to 04/10/2022,$48.00,Captured,"Oct 4, 2021, 8:39 AM"
E58935E6,CITANZ-0131,Membership extended to 04/10/2022,$48.00,Captured,"Oct 4, 2021, 8:25 AM"
18C2F209,CITANZ-0024,Membership extended to 04/10/2022,$48.00,Captured,"Oct 4, 2021, 8:05 AM"
69EF5AEA,CITANZ-0002,Membership extended to 04/10/2022,$48.00,Captured,"Oct 4, 2021, 7:46 AM"
16AEE66D,CITANZ-0088,Membership extended to 04/10/2022,$48.00,Captured,"Oct 4, 2021, 7:43 AM"
3A7552C6,CITANZ-0001,Membership extended to 03/10/2022,$48.00,Captured,"Oct 3, 2021, 9:52 PM"
9965D240,CITANZ-0086,Membership extended to 03/10/2022,$48.00,Captured,"Oct 3, 2021, 11:04 AM"
0BA0F723,CITANZ-0007,Membership extended to 02/10/2022,$48.00,Captured,"Oct 2, 2021, 8:52 PM"
0CE133A9,CITANZ-0148,Membership extended to 30/09/2022,$48.00,Captured,"Sep 29, 2021, 8:33 PM"
